[Header],,,,,,,,,,
IEMFileVersion,5,,,,,,,,,
Investigator Name,asdf,,,,,,,,,
Experiment Name,esp,,,,,,,,,
Date,3/31/20,,,,,,,,,
Workflow,GenerateFASTQ,,,,,,,,,
Application,NextSeq FASTQ Only,,,,,,,,,
Instrument Type,NextSeq/MiniSeq,,,,,,,,,
Assay,TruSeq Stranded mRNA,,,,,,,,,
Index Adapters,IDT-ILMN TruSeq RNA UD Indexes (96 Indexes),,,,,,,,,
Description,ddddxfg,,,,,,,,,
Chemistry,Amplicon,,,,,,,,,
,,,,,,,,,,
[Reads],,,,,,,,,,
75,,,,,,,,,,
75,,,,,,,,,,
,,,,,,,,,,
[Settings],,,,,,,,,,
Adapter,AGATCGGAAGAGCACACGTCTGAACTCCAGTCA,,,,,,,,,
AdapterRead2,AGATCGGAAGAGCGTCGTGTAGGGAAAGAGTGT,,,,,,,,,
,,,,,,,,,,
[Data],,,,,,,,,,
Sample_ID,Sample_Name,Sample_Plate,Sample_Well,Index_Plate_Well,I7_Index_ID,index,I5_Index_ID,index2,Sample_Project,Description
adsf,,fyhfg,A01,A01,UDI0001,CCGCGGTT,UDI0001,CTAGCGCT,,
sadf,,fyhfg,A02,A02,UDI0009,AGTTCAGG,UDI0009,TCTGTTGG,,
asdf,,fyhfg,A03,A03,UDI0017,TAATACAG,UDI0017,GTGAATAT,,
asdf,,fyhfg,A04,A04,UDI0025,ACTAAGAT,UDI0025,CCGCGGTT,,
asdf,,fyhfg,A05,A05,UDI0033,TACCGAGG,UDI0033,AGTTCAGG,,
asdf,,fyhfg,A06,A06,UDI0041,ATATGGAT,UDI0041,TAATACAG,,
asd,,fyhfg,A07,A07,UDI0049,ATATCTCG,UDI0049,ACTAAGAT,,
fasd,,fyhfg,A08,A08,UDI0057,TGCGGCGT,UDI0057,TACCGAGG,,
fasd,,fyhfg,A09,A09,UDI0065,ACACTAAG,UDI0065,ATATGGAT,,
fasd,,fyhfg,A10,A10,UDI0073,CAATTAAC,UDI0073,ATATCTCG,,
fas,,fyhfg,A11,A11,UDI0081,AACTGTAG,UDI0081,TGCGGCGT,,
dfas,,fyhfg,A12,A12,UDI0089,TATCGCAC,UDI0089,ACACTAAG,,
df,,fyhfg,B01,B01,UDI0002,TTATAACC,UDI0002,TCGATATC,,
asfd,,fyhfg,B02,B02,UDI0010,GACCTGAA,UDI0010,CTCACCAA,,
asdf,,fyhfg,B03,B03,UDI0018,CGGCGTGA,UDI0018,ACAGGCGC,,
asd,,fyhfg,B04,B04,UDI0026,GTCGGAGC,UDI0026,TTATAACC,,
f,,fyhfg,B05,B05,UDI0034,CGTTAGAA,UDI0034,GACCTGAA,,
asdf,,fyhfg,B06,B06,UDI0042,GCGCAAGC,UDI0042,CGGCGTGA,,
asd,,fyhfg,B07,B07,UDI0050,GCGCTCTA,UDI0050,GTCGGAGC,,
fa,,fyhfg,B08,B08,UDI0058,CATAATAC,UDI0058,CGTTAGAA,,
sdf,,fyhfg,B09,B09,UDI0066,GTGTCGGA,UDI0066,GCGCAAGC,,
as,,fyhfg,B10,B10,UDI0074,TGGCCGGT,UDI0074,GCGCTCTA,,
df,,fyhfg,B11,B11,UDI0082,GGTCACGA,UDI0082,CATAATAC,,
asdf,,fyhfg,B12,B12,UDI0090,CGCTATGT,UDI0090,GTGTCGGA,,
as,,fyhfg,C01,C01,UDI0003,GGACTTGG,UDI0003,CGTCTGCG,,
df,,fyhfg,C02,C02,UDI0011,TCTCTACT,UDI0011,GAACCGCG,,
asdf,,fyhfg,C03,C03,UDI0019,ATGTAAGT,UDI0019,CATAGAGT,,
a,,fyhfg,C04,C04,UDI0027,CTTGGTAT,UDI0027,GGACTTGG,,
sdf,,fyhfg,C05,C05,UDI0035,AGCCTCAT,UDI0035,TCTCTACT,,
asdf,,fyhfg,C06,C06,UDI0043,AAGATACT,UDI0043,ATGTAAGT,,
as,,fyhfg,C07,C07,UDI0051,AACAGGTT,UDI0051,CTTGGTAT,,
df,,fyhfg,C08,C08,UDI0059,GATCTATC,UDI0059,AGCCTCAT,,
asdf,,fyhfg,C09,C09,UDI0067,TTCCTGTT,UDI0067,AAGATACT,,
a,,fyhfg,C10,C10,UDI0075,AGTACTCC,UDI0075,AACAGGTT,,
sdf,,fyhfg,C11,C11,UDI0083,CTGCTTCC,UDI0083,GATCTATC,,
asdf,,fyhfg,C12,C12,UDI0091,GTATGTTC,UDI0091,TTCCTGTT,,
a,,fyhfg,D01,D01,UDI0004,AAGTCCAA,UDI0004,TACTCATA,,
sdf,,fyhfg,D02,D02,UDI0012,CTCTCGTC,UDI0012,AGGTTATA,,
as,,fyhfg,D03,D03,UDI0020,GCACGGAC,UDI0020,TGCGAGAC,,
df,,fyhfg,D04,D04,UDI0028,TCCAACGC,UDI0028,AAGTCCAA,,
asdf,,fyhfg,D05,D05,UDI0036,GATTCTGC,UDI0036,CTCTCGTC,,
as,,fyhfg,D06,D06,UDI0044,GGAGCGTC,UDI0044,GCACGGAC,,
df,,fyhfg,D07,D07,UDI0052,GGTGAACC,UDI0052,TCCAACGC,,
asdrfasdf,,fyhfg,D08,D08,UDI0060,AGCTCGCT,UDI0060,GATTCTGC,,
as,,fyhfg,D09,D09,UDI0068,CCTTCACC,UDI0068,GGAGCGTC,,
df,,fyhfg,D10,D10,UDI0076,GACGTCTT,UDI0076,GGTGAACC,,
asdf,,fyhfg,D11,D11,UDI0084,TCATCCTT,UDI0084,AGCTCGCT,,
asdf,,fyhfg,D12,D12,UDI0092,ACGCACCT,UDI0092,CCTTCACC,,
as,,fyhfg,E01,E01,UDI0005,ATCCACTG,UDI0005,ACGCACCT,,
df,,fyhfg,E02,E02,UDI0013,CCAAGTCT,UDI0013,TCATCCTT,,
asdf,,fyhfg,E03,E03,UDI0021,GGTACCTT,UDI0021,GACGTCTT,,
sadf,,fyhfg,E04,E04,UDI0029,CCGTGAAG,UDI0029,ATCCACTG,,
sad,,fyhfg,E05,E05,UDI0037,TCGTAGTG,UDI0037,CCAAGTCT,,
fas,,fyhfg,E06,E06,UDI0045,ATGGCATG,UDI0045,GGTACCTT,,
df,,fyhfg,E07,E07,UDI0053,CAACAATG,UDI0053,CCGTGAAG,,
asf,,fyhfg,E08,E08,UDI0061,CGGAACTG,UDI0061,TCGTAGTG,,
asd,,fyhfg,E09,E09,UDI0069,GCCACAGG,UDI0069,ATGGCATG,,
fas,,fyhfg,E10,E10,UDI0077,TGCGAGAC,UDI0077,CAACAATG,,
df,,fyhfg,E11,E11,UDI0085,AGGTTATA,UDI0085,CGGAACTG,,
asdf,,fyhfg,E12,E12,UDI0093,TACTCATA,UDI0093,GCCACAGG,,
asd,,fyhfg,F01,F01,UDI0006,GCTTGTCA,UDI0006,GTATGTTC,,
f,,fyhfg,F02,F02,UDI0014,TTGGACTC,UDI0014,CTGCTTCC,,
asdf,,fyhfg,F03,F03,UDI0022,AACGTTCC,UDI0022,AGTACTCC,,
as,,fyhfg,F04,F04,UDI0030,TTACAGGA,UDI0030,GCTTGTCA,,
df,,fyhfg,F05,F05,UDI0038,CTACGACA,UDI0038,TTGGACTC,,
asdf,,fyhfg,F06,F06,UDI0046,GCAATGCA,UDI0046,AACGTTCC,,
asd,,fyhfg,F07,F07,UDI0054,TGGTGGCA,UDI0054,TTACAGGA,,
fa,,fyhfg,F08,F08,UDI0062,TAAGGTCA,UDI0062,CTACGACA,,
sdf,,fyhfg,F09,F09,UDI0070,ATTGTGAA,UDI0070,GCAATGCA,,
asdf,,fyhfg,F10,F10,UDI0078,CATAGAGT,UDI0078,TGGTGGCA,,
sadf,,fyhfg,F11,F11,UDI0086,GAACCGCG,UDI0086,TAAGGTCA,,
asdf,,fyhfg,F12,F12,UDI0094,CGTCTGCG,UDI0094,ATTGTGAA,,
asd,,fyhfg,G01,G01,UDI0007,CAAGCTAG,UDI0007,CGCTATGT,,
fas,,fyhfg,G02,G02,UDI0015,GGCTTAAG,UDI0015,GGTCACGA,,
df,,fyhfg,G03,G03,UDI0023,GCAGAATT,UDI0023,TGGCCGGT,,
sadf,,fyhfg,G04,G04,UDI0031,GGCATTCT,UDI0031,CAAGCTAG,,
as,,fyhfg,G05,G05,UDI0039,TAAGTGGT,UDI0039,GGCTTAAG,,
df,,fyhfg,G06,G06,UDI0047,GTTCCAAT,UDI0047,GCAGAATT,,
asdf,,fyhfg,G07,G07,UDI0055,AGGCAGAG,UDI0055,GGCATTCT,,
sad,,fyhfg,G08,G08,UDI0063,TTGCCTAG,UDI0063,TAAGTGGT,,
sadf,,fyhfg,G09,G09,UDI0071,ACTCGTGT,UDI0071,GTTCCAAT,,
as,,fyhfg,G10,G10,UDI0079,ACAGGCGC,UDI0079,AGGCAGAG,,
df,,fyhfg,G11,G11,UDI0087,CTCACCAA,UDI0087,TTGCCTAG,,
asdf,,fyhfg,G12,G12,UDI0095,TCGATATC,UDI0095,ACTCGTGT,,
asd,,fyhfg,H01,H01,UDI0008,TGGATCGA,UDI0008,TATCGCAC,,
f,,fyhfg,H02,H02,UDI0016,AATCCGGA,UDI0016,AACTGTAG,,
asdf,,fyhfg,H03,H03,UDI0024,ATGAGGCC,UDI0024,CAATTAAC,,
asdf,,fyhfg,H04,H04,UDI0032,AATGCCTC,UDI0032,TGGATCGA,,
sadf,,fyhfg,H05,H05,UDI0040,CGGACAAC,UDI0040,AATCCGGA,,
asdf,,fyhfg,H06,H06,UDI0048,ACCTTGGC,UDI0048,ATGAGGCC,,
asd,,fyhfg,H07,H07,UDI0056,GAATGAGA,UDI0056,AATGCCTC,,
f,,fyhfg,H08,H08,UDI0064,CCATTCGA,UDI0064,CGGACAAC,,
asdf,,fyhfg,H09,H09,UDI0072,GTCTACAC,UDI0072,ACCTTGGC,,
asdf,,fyhfg,H10,H10,UDI0080,GTGAATAT,UDI0080,GAATGAGA,,
as,,fyhfg,H11,H11,UDI0088,TCTGTTGG,UDI0088,CCATTCGA,,
f,,fyhfg,H12,H12,UDI0096,CTAGCGCT,UDI0096,GTCTACAC,,